{"cameraMode":{"drawMode":0,"name":"Shaded","section":"Shading Mode"},"sceneLighting":true,"audioPlay":false,"sceneViewState":{"showFog":true,"showMaterialUpdate":false,"showSkybox":true,"showFlares":true,"showImageEffects":true,"showParticleSystems":true},"in2DMode":false,"pivot":{"x":627.6983642578125,"y":578.0198364257813,"z":-284.1846008300781},"rotation":{"x":0.14466629922389985,"y":-0.09188570082187653,"z":0.013476315885782242,"w":0.9851127862930298},"size":104.72999572753906,"orthographic":false}