{"cameraMode":{"drawMode":0,"name":"Shaded","section":"Shading Mode"},"sceneLighting":true,"audioPlay":false,"sceneViewState":{"showFog":false,"showMaterialUpdate":false,"showSkybox":false,"showFlares":false,"showImageEffects":false,"showParticleSystems":false},"in2DMode":false,"pivot":{"x":459.50738525390627,"y":389.6282043457031,"z":170.56427001953126},"rotation":{"x":0.0886518731713295,"y":0.02987346611917019,"z":-0.002673790790140629,"w":0.9956110715866089},"size":2880.194091796875,"orthographic":false}