{"cameraMode":{"drawMode":0,"name":"Shaded","section":"Shading Mode"},"sceneLighting":true,"audioPlay":false,"sceneViewState":{"showFog":true,"showMaterialUpdate":false,"showSkybox":true,"showFlares":true,"showImageEffects":true,"showParticleSystems":true},"in2DMode":false,"pivot":{"x":228.15481567382813,"y":163.68167114257813,"z":328.6571044921875},"rotation":{"x":-0.08119168877601624,"y":0.026008600369095804,"z":-0.0021184603683650495,"w":-0.9963568449020386},"size":1234.6256103515625,"orthographic":false}